{"skeleton":{"hash":"MaseiKYS+/4yq+MO6nWgHCtqob8","spine":"2.1.27","width":49.99,"height":50,"images":""},"bones":[{"name":"root"}],"slots":[{"name":"player","bone":"root","attachment":"player"}],"skins":{"default":{"player":{"player":{"type":"mesh","uvs":[0,0,0,0.29154,0,0.54804,0,0.79884,0,1,1,1,1,0.81594,1,0.58224,1,0.32004,1,0],"triangles":[1,0,9,1,9,8,2,1,8,2,8,7,3,2,7,3,7,6,4,3,6,4,6,5],"vertices":[-25.13,49.85,-25.13,35.28,-25.13,22.45,-25.13,9.91,-25.13,-0.14,24.86,-0.14,24.86,9.06,24.86,20.74,24.86,33.84999,24.86,49.85],"hull":10,"edges":[0,2,2,4,4,6,6,8,8,10,10,12,12,14,14,16,16,18,0,18,2,16,4,14,6,12],"width":50,"height":50}}}},"animations":{"boost":{"ffd":{"default":{"player":{"player":[{"time":0,"vertices":[-6.84,-8.83499,-2.84998,-6.27,-0.57001,-4.84502,0.28501,-1.995,0,0,0,0,-0.56997,1.70998,-3.13499,1.99499,-7.69501,1.70998,-13.67999,-3.42001]}]}}}},"fall":{"ffd":{"default":{"player":{"player":[{"time":0}]}}}},"fly":{"ffd":{"default":{"player":{"player":[{"time":0}]}}}},"land":{"ffd":{"default":{"player":{"player":[{"time":0,"curve":[0.25,0,0.71,1]},{"time":0.1666,"vertices":[-7.12498,-20.80499,-7.12498,-15.10499,-7.12498,-9.40497,-7.12498,-3.98999,-7.12498,0,6.83998,0,6.83998,-3.98999,6.83998,-9.40497,6.83998,-15.10499,6.83998,-20.80499]}]}}}},"run":{"ffd":{"default":{"player":{"player":[{"time":0,"vertices":[-0.56998,-4.27499,0.56999,-5.41498,1.14001,-4.55999,0.855,-2.28,0,0,0,0,0,1.42498,-0.85496,1.99502,-1.71003,1.99502,-3.42002,0.85503]}]}}}},"stand":{"ffd":{"default":{"player":{"player":[{"time":0}]}}}}}}